object,0.036730122967294034
parsemobydatajpegimage,0.036730122967294034
parsemobydatasimpleannotatedjpegimage,0.036730122967294034
getdragonsimpleannotatedimages,0.036730122967294034
getjpegfromannotatedimage,0.036730122967294034
id,0.26406623119549916
namespace,0.036730122967294034
decodebase64tobyte,0.036730122967294034
getfastauniprotentry,5.090361135419022
sequencedatabase,36.59646012214731
bioinformaticsprogram,36.59646012214731
uniprotaccession,5.090361135419022
searchsimple,13.648780102986885
extractposition,0.7080405154624023
bioinformaticsparameter,5.090361135419022
searchparallel,0.7080405154624023
bioinformaticsprograms,0.09848444112305546
searchparam,0.09848444112305546
getfastaddbjentry,1.8984683095095014
ddbjaccession,1.8984683095095014
biologicalsequencedatabase,0.09848444112305546
createfasta,0.036730122967294034
getuniquehomolog,0.036730122967294034
emma,0.036730122967294034
gethssequence,0.036730122967294034
getmmsequence,0.036730122967294034
getrnsequence,0.036730122967294034
hsapiensgeneensembl,0.036730122967294034
plot,0.036730122967294034
seqret,36.59646012214731
flattenimagelist,0.036730122967294034
stringconstant,0.036730122967294034
rcsbprefix,0.036730122967294034
pdbid,0.036730122967294034
addprefixtoid,0.036730122967294034
rcsbsuffix,0.036730122967294034
addsuffix,0.036730122967294034
fetchpage,0.036730122967294034
proteinid,0.036730122967294034
nucid,0.036730122967294034
getnucleotidegbseqxml,0.036730122967294034
getproteingbseqxml,0.036730122967294034
getnucleotidetinyseqxml,0.036730122967294034
getnucleotidefasta,0.09848444112305546
getproteinfasta,0.26406623119549916
getproteininsdseqxml,0.036730122967294034
getnucleotideinsdseqxml,0.036730122967294034
getproteintinyseqxml,0.036730122967294034
jobid,1.3500315804133896E10
isrunning,0.09848444112305546
getstatus,0.09848444112305546
parametersxml,1.8984683095095014
databases,0.036730122967294034
email,36.59646012214731
program,5.090361135419022
sequence,5.090361135419022
sequencetype,0.036730122967294034
bytetostring,0.7080405154624023
jobstatuspoll,0.036730122967294034
getresult,0.26406623119549916
run,0.09848444112305546
jobstatus,0.036730122967294034
isdone,1.3500315804133896E10
checkstatus,1.3500315804133896E10
blastprogram,13.648780102986885
contentlist,13599.111475877422
emailaddress,2.611938566998025E8
gettextresult,36463.28368310896
getxmlresult,5071.837044095116
inputdata,7.003388206666431E8
jobparams,7.003388206666431E8
searchdatabase,263.1052803214661
sequenceorid,9.741317882789524E7
runwublast,0.7080405154624023
decodetextresult,0.7080405154624023
decodexmlresult,0.7080405154624023
gethitidlist,0.7080405154624023
askforemail,0.7080405154624023
askforsequence,0.7080405154624023
makedatabaselist,0.26406623119549916
makeprogramlist,0.09848444112305546
ebiwublast,0.09848444112305546
selectdatabase,0.26406623119549916
selectprogram,0.09848444112305546
database,263.1052803214661
fastaprogram,0.09848444112305546
inputdatalist,0.09848444112305546
fastajobparams,0.09848444112305546
unpacktextresult,705.4639188672826
unpackxmlresult,263.1052803214661
runfasta,0.09848444112305546
getids,1.8984683095095014
makefastaprogramlist,0.036730122967294034
selectfastaprogram,0.036730122967294034
ebifasta,0.036730122967294034
runncbiblast,0.26406623119549916
ebincbiblast,0.09848444112305546
getalignmentresult,0.7080405154624023
getguidetreeresult,0.7080405154624023
getoutputresult,0.7080405154624023
sequences,36.59646012214731
unpackalignmentresult,0.7080405154624023
unpackguidetreeresult,0.7080405154624023
unpackoutputresult,0.7080405154624023
runclustalw,1.8984683095095014
runinterproscan,5.090361135419022
ebiinterproscan,0.26406623119549916
contentslist,5071.837044095116
getnjtreeresult,0.26406623119549916
getoutput,1.8984683095095014
getphyliptreeresult,0.26406623119549916
sequencealignment,0.26406623119549916
unpacknjtree,0.26406623119549916
unpackoutput,1.8984683095095014
unpackphyliptree,0.26406623119549916
clustalwalignment,0.036730122967294034
clustalwphylogenetictree,0.036730122967294034
runblastpgp,0.036730122967294034
idlist,5.090361135419022
formatlistfordbfetch,5.090361135419022
fetchbatch,5.090361135419022
blastddbj,0.26406623119549916
query,0.09848444112305546
blastfilecomparer,0.036730122967294034
chromosomefilter,0.036730122967294034
speciesfilter,0.036730122967294034
sss,0.09848444112305546
sssprogram,0.09848444112305546
fetchsequences,0.036730122967294034
msa,0.09848444112305546
phylogenetictree,0.036730122967294034
runphobius,0.09848444112305546
unpacktextoutput,0.09848444112305546
fetchhits,0.036730122967294034
tmap,0.26406623119549916
issequence,5.090361135419022
fetchdata,13.648780102986885
formatasgff,0.09848444112305546
ebiinterproscantmhmmsignalp,0.036730122967294034
ebiphobius,0.036730122967294034
tmapsingleseq,0.036730122967294034
mergegff,0.036730122967294034
getalignment,1.8984683095095014
moleculetype,0.036730122967294034
runkalign,0.036730122967294034
unpackalignment,1.8984683095095014
mpsrchprogram,0.036730122967294034
runmpsrch,0.036730122967294034
runmafft,0.036730122967294034
blastfile,0.036730122967294034
gioption,0.036730122967294034
blastsimplifier,0.09848444112305546
searchmode,0.036730122967294034
runscanps,0.036730122967294034
runmuscle,0.036730122967294034
runtcoffee,0.036730122967294034
pdbformatcoordinates,0.036730122967294034
runmaxsprout,0.036730122967294034
unpackresult,0.036730122967294034
structureorid,0.036730122967294034
isstructure,0.036730122967294034
usestructure,0.036730122967294034
minimumorflength,0.09848444112305546
translationtable,0.09848444112305546
getorf,0.09848444112305546
fastastring,0.26406623119549916
addangle,0.26406623119549916
splitintosequences,0.26406623119549916
fastastringtofastalist,0.09848444112305546
nucleotideorftranslation,0.036730122967294034
queryseq,0.09848444112305546
ebidbfetchfetchbatch,0.036730122967294034
blastdatabase,0.036730122967294034
querysequence,0.036730122967294034
buildqblastputurl,0.036730122967294034
qblastput,0.036730122967294034
extractqblastjobid,0.036730122967294034
qblastjobid,0.036730122967294034
buildqblastgeturl,0.036730122967294034
extractqblaststatus,0.036730122967294034
qblastget,0.036730122967294034
gi,0.09848444112305546
buildfastaseq,0.09848444112305546
extractaccver,0.09848444112305546
extractdes,0.09848444112305546
extractseq,0.09848444112305546
flattenlist,0.26406623119549916
xpathfromtext,0.09848444112305546
runefetchms,0.09848444112305546
mergestringlisttostring,0.09848444112305546
sequenceoridorgi,0.09848444112305546
isgi,0.09848444112305546
getfastafromgi,0.09848444112305546
chainid,0.036730122967294034
structure,0.036730122967294034
rundalilite,0.036730122967294034
extractentries,0.09848444112305546
uniparcid,0.09848444112305546
buildinterpromatchesuniparcurl,0.09848444112305546
getentryfromsrs,0.09848444112305546
checkforsrserror,0.09848444112305546
picrinputparams,0.09848444112305546
getupiforsequence,0.09848444112305546
unwrappicrresult,0.09848444112305546
ebipicrsequencetoid,0.036730122967294034
ebifetchinterpromatchesuniparc,0.036730122967294034
spitpicrresult,0.036730122967294034
ebidbfetchuniparc,0.036730122967294034
getmaskedsequence,0.036730122967294034
gettable,0.036730122967294034
repeatlibrary,0.036730122967294034
unpackmaskedsequence,0.036730122967294034
runcensor,0.036730122967294034
unpacktable,0.036730122967294034
sequenceorigin,0.036730122967294034
gettrna,0.036730122967294034
inputparameters,0.036730122967294034
unwrapresult,0.036730122967294034
findbinaryinteractions,0.036730122967294034
ginumber,0.09848444112305546
splitbynewline,0.036730122967294034
stproteinid,0.036730122967294034
ndproteinid,0.036730122967294034
stproteinstructure,0.036730122967294034
ndproteinstructure,0.036730122967294034
boxshade,0.036730122967294034
mustang,0.036730122967294034
job,0.09848444112305546
wsarrayofdataxml,0.09848444112305546
contentxml,0.09848444112305546
paramsxml,0.036730122967294034
poll,0.09848444112305546
params,0.036730122967294034
checkstatusworkflow,0.036730122967294034
blastp,0.036730122967294034
swiss,0.036730122967294034
genscan,0.036730122967294034
genscansplitter,0.036730122967294034
repeatmasker,0.036730122967294034
blast,0.036730122967294034
keyin,0.036730122967294034
checkforsuccess,0.036730122967294034
getoperationstatusin,0.036730122967294034
getoperationstatus,0.036730122967294034
getoperationstatusout,0.036730122967294034
compression,0.036730122967294034
download,0.036730122967294034
downloadin,0.036730122967294034
downloadout,0.036730122967294034
format,0.036730122967294034
getdownloadurl,0.036730122967294034
getdownloadurlin,0.036730122967294034
inputlisttext,0.036730122967294034
inputlisttextin,0.036730122967294034
inputlisttextout,0.036730122967294034
statuscheck,0.036730122967294034
idtype,0.036730122967294034
getdownloadurlout,0.036730122967294034
bgetin,0.036730122967294034
convertlistofkeggidsinto1elementlistoflists,0.036730122967294034
getimagefromurl,0.036730122967294034
removeduplicatestrings,0.036730122967294034
splitstringintostringlistbyregularexpression,0.036730122967294034
markpathwaybyobjects,0.036730122967294034
bget,0.036730122967294034
getpathwaysbycompounds,0.036730122967294034
beanshellscriptinghost,0.036730122967294034
ncbidatabase,0.036730122967294034
fetchcompoundimage,0.036730122967294034
fetchcompoundinfo,0.036730122967294034
terms,0.036730122967294034
ncbiesearch,0.036730122967294034
requestxml,0.036730122967294034
runesummary,0.036730122967294034
proteinsequences,0.036730122967294034
concatenatetwostrings,0.036730122967294034
regex,0.036730122967294034
splitstringintolist,0.036730122967294034
removefirstcharacter,0.036730122967294034
